,min,max,mean,std
0,-8.952838470577262e-16,7.105427357601002e-16,-4.8274919415482804e-18,1.8756638757403991e-16
1,-6.536993168992923e-16,7.105427357601002e-16,7.164854568228212e-18,1.7497794387473137e-16
2,-6.821210263296962e-16,7.105427357601002e-16,-6.398114361548903e-18,1.8259491457591817e-16
3,-7.389644451905043e-16,9.379164112033325e-16,1.1911280043105673e-18,2.1398072866529788e-16
4,-6.821210263296962e-16,8.810729923425242e-16,1.9036085838954695e-18,1.8707983917024613e-16
5,-8.242295734817164e-16,7.958078640513122e-16,1.2547538765581762e-18,2.0647864764847127e-16
6,-8.810729923425242e-16,6.821210263296962e-16,-2.8150411294931986e-18,1.9970947083136694e-16
7,-7.815970093361102e-16,7.105427357601002e-16,-5.590033486607188e-18,1.869389114427554e-16
8,-7.389644451905043e-16,8.242295734817164e-16,-2.4080939262851386e-18,1.9473940226162667e-16
9,-6.536993168992923e-16,7.105427357601002e-16,7.571801771436268e-18,2.0244409506773406e-16
10,-6.821210263296962e-16,8.526512829121202e-16,-3.6773816315293186e-18,2.1606059560842107e-16
11,-7.105427357601002e-16,7.958078640513122e-16,-1.77829468322505e-18,1.85288031831661e-16
12,-8.810729923425242e-16,6.821210263296962e-16,-7.899943325769119e-19,2.021954352088127e-16
13,-1.4210854715202005e-15,7.389644451905043e-16,-3.4286916740132833e-18,2.021537777759424e-16
14,-7.389644451905043e-16,7.958078640513122e-16,8.92441676114686e-18,2.1566632767182261e-16
15,-6.821210263296962e-16,7.673861546209082e-16,5.358784123514355e-18,2.0843300858268282e-16
16,-7.389644451905043e-16,7.958078640513122e-16,-3.4745539778668904e-18,2.0507116312749256e-16
17,-7.105427357601002e-16,7.673861546209082e-16,1.7543946093858467e-18,1.9082518908763832e-16
18,-7.389644451905043e-16,7.815970093361102e-16,3.83305508545494e-18,2.079555572942727e-16
19,-8.810729923425242e-16,7.389644451905043e-16,-8.72546479513403e-18,1.981782982483431e-16
20,-6.536993168992923e-16,8.810729923425242e-16,-4.7141280777974644e-18,1.8777834456802607e-16
21,-6.821210263296962e-16,7.389644451905043e-16,9.082028058897296e-19,1.8658085145188312e-16
22,-7.958078640513122e-16,7.389644451905043e-16,1.012846372428943e-18,2.0840922976973935e-16
23,-7.105427357601002e-16,6.536993168992923e-16,-2.5372835146051583e-18,2.125451803707763e-16
24,-7.105427357601002e-16,7.673861546209082e-16,1.1655484658232044e-17,2.0975424147670596e-16
25,-7.958078640513122e-16,6.821210263296962e-16,3.289166918627663e-18,2.1208392515062524e-16
26,-7.389644451905043e-16,7.389644451905043e-16,-1.8693733429906637e-18,2.0387641034657495e-16
27,-7.958078640513122e-16,6.821210263296962e-16,-2.9045049194048097e-18,2.0154366818017076e-16
28,-7.105427357601002e-16,8.242295734817164e-16,-2.917746852207611e-18,2.1181289628729626e-16
29,-9.556799795973348e-16,9.947598300641404e-16,-4.9092043561606904e-18,1.8982575350725633e-16
30,-9.094947017729285e-16,7.389644451905043e-16,4.433786671143024e-18,1.6762188268573928e-16
31,-7.389644451905043e-16,7.389644451905043e-16,-7.59893158498347e-18,2.036686800719825e-16
32,-7.105427357601002e-16,7.105427357601002e-16,9.16729318718849e-18,1.8941732763357066e-16
33,-7.958078640513122e-16,7.389644451905043e-16,1.5967833116354258e-18,1.937904182608215e-16
34,-7.389644451905043e-16,7.958078640513122e-16,5.057126434787114e-18,1.923505590387853e-16
35,-7.389644451905043e-16,6.821210263296962e-16,2.814072207580797e-18,1.7181274071131874e-16
36,-8.526512829121202e-16,9.663381206337365e-16,-5.0655237580279155e-18,2.1282548721269518e-16
37,-8.242295734817164e-16,6.821210263296962e-16,-6.225646261141679e-18,1.8930698845822965e-16
38,-6.821210263296962e-16,7.389644451905043e-16,1.3280689679297872e-18,1.9755037053585108e-16
39,-6.821210263296962e-16,7.958078640513122e-16,-3.0488742843524347e-19,2.0294241775762896e-16
40,-7.105427357601002e-16,7.389644451905043e-16,-1.2841445079009808e-18,1.9277609099213028e-16
41,-7.105427357601002e-16,7.105427357601002e-16,7.064086689338595e-18,2.0731341178375422e-16
42,-6.821210263296962e-16,7.958078640513122e-16,4.198661620400592e-18,2.179969728414872e-16
43,-6.821210263296962e-16,7.389644451905043e-16,-6.235981428207279e-18,1.9905281766511996e-16
44,-7.389644451905043e-16,6.536993168992923e-16,4.715419973680673e-19,2.0069647213707725e-16
45,-6.536993168992923e-16,7.105427357601002e-16,-3.3718482551524746e-18,1.979522889054258e-16
46,-7.389644451905043e-16,7.389644451905043e-16,-2.892554882485208e-18,2.1225178117410963e-16
47,-8.242295734817164e-16,7.673861546209082e-16,2.569580911685161e-18,2.187862804685887e-16
48,-7.105427357601002e-16,6.252776074688881e-16,-5.518979213031179e-18,1.9822392788056238e-16
49,-7.105427357601002e-16,7.105427357601002e-16,5.632666050752782e-19,1.7868034443939517e-16
50,-6.252776074688881e-16,6.536993168992923e-16,-2.351250507424328e-19,1.823987286571099e-16
51,-7.815970093361102e-16,8.242295734817164e-16,-2.4352237398323436e-18,2.0956720726487656e-16
52,-7.105427357601002e-16,7.673861546209082e-16,-1.3784529073745934e-18,1.991775521667973e-16
53,-5.968558980384842e-16,6.536993168992923e-16,-1.83836784179386e-18,1.8022748634623726e-16
54,-7.105427357601002e-16,6.679101716144942e-16,-9.178920250137303e-19,1.8817220190211513e-16
55,-8.526512829121202e-16,8.526512829121202e-16,4.845901457883884e-18,1.9227467926453444e-16
56,-7.673861546209082e-16,7.105427357601002e-16,1.9488249398074756e-18,2.0470834606359207e-16
57,-7.673861546209082e-16,7.389644451905043e-16,5.404000479426362e-18,1.8982509059775666e-16
58,-7.389644451905043e-16,8.526512829121202e-16,4.9802586297367014e-18,1.9077400005038858e-16
59,-5.684341886080803e-16,6.821210263296962e-16,3.1599773303076457e-18,1.7961329569762569e-16
60,-7.105427357601002e-16,6.821210263296962e-16,-2.5062780134083583e-19,2.004707487887179e-16
61,-2.984279490192421e-16,2.8421709430404013e-16,1.8965031565378683e-18,4.7482265349576366e-17
62,0.9999999999999996,1.0000000000000002,1.0,4.5018609559441935e-17
63,0.9999999999999996,1.0000000000000002,1.0,4.481896950896382e-17
64,0.9999999999999998,1.0000000000000002,1.0,4.149430282249182e-17
65,0.9999999999999998,1.0000000000000002,1.0,4.1709859092841604e-17
66,0.9999999999999996,1.0000000000000002,1.0,4.3601937513430953e-17
67,0.9999999999999998,1.0000000000000002,1.0,4.481896950896382e-17
68,0.9999999999999998,1.0000000000000002,1.0,4.6392040895026555e-17
69,0.9999999999999998,1.0000000000000002,1.0,4.213766371293974e-17
70,0.9999999999999998,1.0000000000000002,1.0,4.149430282249182e-17
71,0.9999999999999998,1.0000000000000002,1.0,3.716192633790304e-17
72,0.9999999999999998,1.0000000000000002,1.0,3.643080060448283e-17
73,0.9999999999999998,1.0000000000000002,1.0,4.062064070696644e-17
74,0.9999999999999998,1.0000000000000002,1.0,3.8582636535934434e-17
75,0.9999999999999998,1.0000000000000002,1.0,3.3879956382544265e-17
76,0.9999999999999998,1.0000000000000002,1.0,4.062064070696644e-17
77,0.9999999999999998,1.0000000000000002,1.0,4.234994547818033e-17
78,0.9999999999999998,1.0000000000000002,1.0,3.7641454897278197e-17
79,0.9999999999999998,1.0000000000000002,1.0,3.950139943526326e-17
80,0.9999999999999998,1.0000000000000002,1.0,3.81149509303623e-17
81,0.9999999999999998,1.0000000000000002,1.0,3.9727770339704005e-17
82,0.9999999999999998,1.0000000000000002,1.0,3.9273723766968777e-17
83,0.9999999999999998,1.0000000000000002,1.0,4.4416997537039035e-17
84,0.9999999999999996,1.0000000000000002,1.0,3.716192633790304e-17
85,0.9999999999999998,1.0000000000000002,1.0,4.1709859092841604e-17
86,0.9999999999999996,1.0000000000000002,1.0,4.1924307082702627e-17
87,0.9999999999999998,1.0000000000000002,1.0,3.716192633790304e-17
88,0.9999999999999998,1.0000000000000002,1.0,3.716192633790304e-17
89,0.9999999999999998,1.0000000000000002,1.0,3.9273723766968777e-17
90,0.9999999999999998,1.0000000000000002,1.0,4.017668594849956e-17
91,0.9999999999999998,1.0000000000000002,1.0,4.1924307082702627e-17
92,0.9999999999999998,1.0000000000000002,1.0,4.7158903440241377e-17
93,0.9999999999999998,1.0000000000000002,1.0,4.105979553145091e-17
94,0.9999999999999998,1.0000000000000002,1.0,4.234994547818033e-17
95,0.9999999999999998,1.0000000000000002,1.0,4.017668594849956e-17
96,0.9999999999999998,1.0000000000000002,1.0,3.9044720510001345e-17
97,0.9999999999999998,1.0000000000000002,1.0,4.105979553145091e-17
98,0.9999999999999998,1.0000000000000002,1.0,4.42146411427853e-17
99,0.9999999999999998,1.0000000000000002,1.0,3.9044720510001345e-17
100,0.9999999999999996,1.0000000000000002,1.0,4.3188639678566406e-17
101,0.9999999999999998,1.0000000000000002,1.0,4.298050044456198e-17
102,0.9999999999999998,1.0000000000000002,1.0,4.105979553145091e-17
103,0.9999999999999998,1.0000000000000002,1.0,3.9727770339704005e-17
104,0.9999999999999998,1.0000000000000002,1.0,3.643080060448283e-17
105,0.9999999999999998,1.0000000000000002,1.0,4.3807124235050927e-17
106,0.9999999999999998,1.0000000000000002,1.0,3.334638041591628e-17
107,0.9999999999999998,1.0000000000000002,1.0,3.9952858658477915e-17
108,0.9999999999999996,1.0000000000000002,1.0,4.062064070696644e-17
109,0.9999999999999998,1.0000000000000002,1.0,4.12776209089696e-17
110,0.9999999999999998,1.0000000000000002,1.0,3.5935120356602257e-17
111,0.9999999999999998,1.0000000000000002,1.0,4.3395780625598716e-17
112,0.9999999999999998,1.0000000000000002,1.0,4.3601937513430953e-17
113,0.9999999999999998,1.0000000000000002,1.0,3.643080060448283e-17
114,0.9999999999999998,1.0000000000000002,1.0,4.1709859092841604e-17
115,0.9999999999999998,1.0000000000000002,1.0,4.256116846169634e-17
116,0.9999999999999996,1.0000000000000002,1.0,4.40113543595881e-17
117,0.9999999999999996,1.0000000000000002,1.0,3.6676128632990086e-17
118,0.9999999999999996,1.0000000000000002,1.0,4.213766371293974e-17
119,0.9999999999999998,1.0000000000000002,1.0,3.6676128632990086e-17
120,0.9999999999999996,1.0000000000000002,1.0,4.1709859092841604e-17
121,0.9999999999999998,1.0000000000000002,1.0,4.12776209089696e-17
122,0.9999999999999998,1.0000000000000002,1.0,4.1709859092841604e-17
123,0.9999999999999998,1.0000000000000002,1.0,2.074715141124591e-17
124,1.0249188340763935,4.091559812352151,2.044421880244214,0.5332599086562846
125,0.9809102710064496,4.06778573574162,2.09321875985032,0.5322938802370869
126,0.9749611712828138,5.073182311995966,2.087461954532116,0.6057160253986935
127,1.088322011572284,4.178799811338598,1.8582551446012452,0.454775609971463
128,1.0064474087798216,4.112386251653112,1.9745479067900444,0.4230772099266803
129,1.1216518800070092,5.286737323176826,1.94231276050754,0.507711985315093
130,1.138123849471743,6.292930549380729,1.9912226335565266,0.5387252197978939
131,1.0406953848190523,4.123481426074316,1.948610539445222,0.4611543571619374
132,1.036166956141,4.550186517661209,1.9497954963338109,0.4533973105129183
133,1.104800411471101,3.879472948306365,1.726012747155901,0.42008301833771594
134,1.250683897101532,4.459932178719095,1.8729874700076232,0.42316224083873755
135,1.045838624507379,6.637517717318985,2.0621071672332136,0.49655708351350825
136,1.2093885328604383,7.744473309873417,2.0253478683575863,0.5058478991268184
137,1.021172375356272,4.320371546116125,1.7219380240215942,0.38074975462173144
138,1.058023433667489,3.6317464213246735,1.7217987949401776,0.26843328238319675
139,1.0728341272645314,5.842191174102752,1.8161257393655832,0.3949902417310333
140,1.230969936142951,4.303074187625255,1.8365084885307832,0.4019799285588805
141,1.2365783314411594,6.0315430717755945,1.9481238033740076,0.46600959417185533
142,0.998616500441952,5.493679906490348,1.7680852362816202,0.4634525185605001
143,1.0448618358917712,5.147214656243212,1.8685302407777642,0.4726337570352595
144,1.1708678401585064,4.1224206716620575,1.9190813058460312,0.45717329678865837
145,1.2247834300923186,5.48624661831454,2.0571740159984873,0.5014840182964586
146,1.083105264341308,3.918788676046904,1.7223577324493053,0.33363113152013685
147,1.2443273042665022,3.580437829464309,1.7921345636428192,0.35111683168663893
148,1.102937552404207,3.870954178372492,1.7776339910308638,0.42572260878310847
149,1.2311549636286403,7.0558078932813695,1.8600933955467236,0.45273064491708714
150,1.2372626938416185,4.58460239554767,1.8158418695490994,0.4064248080037878
151,1.2213554560169126,4.023611125149207,1.762133939041438,0.3858571280191146
152,1.213043485853716,5.150563057320157,2.034853991917639,0.4771852615956693
153,1.0173993289633971,4.532023667900704,1.9998741570483074,0.5227884606469433
154,1.10337422507411,4.804831040679828,2.137443047963278,0.6098973195724228
155,1.100381647864486,4.901100523336678,1.9110187374247596,0.5306650966669558
156,0.9777019097381752,4.283920222133112,1.9380522309784487,0.47608828776497775
157,1.143359504788921,4.735137727322937,1.9654703848141035,0.4479494429433703
158,1.0044035828749966,4.607092172002122,1.9734365502210005,0.49193795960440573
159,1.162072283979544,5.312057563582893,2.102601762613277,0.5579659537474448
160,1.0875789496198311,4.13873999303578,1.8328125945870946,0.3806169232189819
161,0.9635009744348474,4.432649702436291,1.886652017109951,0.4372682902528396
162,1.0111378096183858,5.250240502054414,1.9091825980712491,0.48412493021181247
163,1.1830624738833944,8.546424058280397,1.8901643715644114,0.5240982744533037
164,1.0760827807072442,4.231436904316191,1.8276691631720996,0.4112484912742178
165,0.9854638581396372,4.498461164995193,1.7607026694463883,0.42755688286199806
166,0.9383546506035164,4.470718900353962,1.7331757422329743,0.41698442984509543
167,1.0694143095130275,5.425373825668749,1.842355340644075,0.4420871000365316
168,1.052269428346258,4.812840113374813,1.8031215046641644,0.40879022669943543
169,1.0253242992776703,5.249492074083423,1.836456288218516,0.43067043737881394
170,1.205376080795168,3.995429723916355,1.8322877921127048,0.45994447160077473
171,1.0843052448457091,5.363761963591792,1.6809435248268512,0.3908196383877201
172,1.1623587970021712,6.504822592182698,1.7821591869120001,0.5082977022094801
173,1.2106083255117783,6.371779188166743,2.089487749696542,0.4994803322655747
174,1.207045909174454,3.9563832552257887,1.9988299112982717,0.4107552505404653
175,1.2210276424457969,6.396179160460758,1.9806400570405815,0.4390605228598588
176,1.223948838936542,7.297353516473205,1.9146123038059815,0.4359104937835387
177,1.0708872479104177,4.097481225213776,2.0006556347201827,0.5350130400809398
178,1.0168337277867532,4.19917379662014,2.0240809450465433,0.439379154559927
179,0.9825533395009748,5.370409353840789,1.9195730836020792,0.4536122658368984
180,1.1566489449913804,3.8870907719394903,1.8098056714324673,0.34156772725890233
181,1.1865933320173292,6.365284874104581,2.075524079235348,0.5551794130357274
182,1.253614573915944,4.2072318273056775,1.9879640567544388,0.4262335425751746
183,1.1109459154519756,4.078056642955655,1.9030343268535792,0.5271020545111844
184,1.2046048978490362,4.774996600425873,1.9966918021787343,0.4785195526496398
185,1.269793183382924,9.559638664573262,2.3360004334630964,2.6732390667825077
186,-4.566943122535111,-0.6763348476064936,-1.8345900745877277,0.536572408343746
187,-4.314272269504239,-0.7144401940512213,-1.795678839989497,0.5227812118980802
188,-4.243313888316933,-0.704840036094054,-1.7868187670560756,0.4794518042951078
189,-5.53423661343299,-1.0278273251468146,-1.914108938360948,0.47940053534798077
190,-5.125319995412728,-0.9176512020822868,-1.807669675541207,0.46572342064995925
191,-4.503256421059837,-0.9179680982925592,-1.7765930437567914,0.48042163803969073
192,-3.871287941997005,-1.1357494233435608,-1.815311800070849,0.42573338952168777
193,-4.795722854775056,-1.1122917520922209,-2.0784596195855944,0.497276713396839
194,-6.9794576939260775,-1.245961372715711,-2.008099355811634,0.4436470675910112
195,-3.937325080777631,-1.0382456234142443,-1.7765441663423758,0.393263359509205
196,-3.698285372889612,-0.9992577973728576,-1.6919756238069332,0.4019562640686728
197,-4.496373699446316,-1.163508723524253,-1.887217451786123,0.4674270346919094
198,-5.062885729887436,-1.0243368113723397,-1.9931371188027833,0.5371799602740491
199,-5.245526879226895,-1.003198755204315,-1.8590512116865232,0.43554725264836797
200,-6.513728533472766,-1.1837171558138295,-1.612483339987098,0.3815559287408785
201,-5.278178367115102,-1.1680081358089314,-1.8321361260674933,0.5071931808821614
202,-5.040395060468236,-1.1862762081563067,-2.072410696959555,0.4628496290985847
203,-5.317121699819245,-1.0372844315539669,-1.9913217309398308,0.46683986286222234
204,-5.455748822485995,-0.9877375747336689,-1.8495390446734183,0.4885369784194411
205,-7.009383494571497,-0.943547109916495,-1.8457692099054237,0.5989769759306771
206,-9.159947204012418,-1.2460286190276737,-2.026824503607916,0.5613183080837642
207,-5.097662268886803,-1.0594086534603857,-1.9278778599384618,0.47905447908802223
208,-9.02538644897984,-1.2175046029899437,-1.8884941891769138,0.46467222654039775
209,-3.9443086176246274,-1.171501257372174,-1.6179799385933678,0.35494384036923454
210,-9.643731670348236,-1.2141683104237804,-1.8685411897728244,0.5615814229137408
211,-4.483305766404727,-1.0327791065776368,-1.836626267934445,0.4985825020667693
212,-4.053468477681416,-1.0829370752542689,-1.761969658392845,0.4077247425538962
213,-4.892231959488102,-1.2008808740439398,-1.808222862616526,0.4459490631089782
214,-9.798862455795716,-1.0993179389275485,-1.900925079485399,0.6807040536747762
215,-4.166681362428951,-0.7641721436264038,-1.8927596520832797,0.5424643422495733
216,-6.776985466457901,-0.7333574764951369,-1.9530497195269259,0.5551863273759108
217,-4.216107671888806,-0.8546780553198288,-1.7502015096820085,0.401991290469612
218,-4.613887615209642,-0.7398829778445039,-1.888488787007152,0.4637157718737855
219,-4.842436636271063,-1.0595224595290975,-1.8295633077073015,0.5303885254520008
220,-8.44438578397961,-0.8292148655049456,-1.8047226319279335,0.5238537519241253
221,-4.326318758546723,-1.0008546012559671,-1.885682486976573,0.5198479398253344
222,-4.089380508094461,-0.982176175054128,-1.8675886213542574,0.4186959234113844
223,-4.78070204434782,-1.1854014256402556,-1.9019913077146455,0.4366525631135065
224,-6.883676855397054,-1.1192884158240064,-1.8699730798033491,0.5292150286428704
225,-3.954847341482216,-1.0277170413530894,-1.8187302845926898,0.42152944990276303
226,-5.236727516121452,-1.24338055624061,-1.9198801066223314,0.4546561844596436
227,-6.871152098033589,-1.1706523532493016,-1.8848691465717553,0.44632820338351875
228,-7.829905526700844,-1.229842288818443,-1.7955797504977977,0.5806519467140477
229,-6.195545518651265,-1.1638055823499416,-2.002149037205631,0.4856048620379433
230,-5.3036813411692885,-1.1910696339747986,-1.865125834457829,0.4697957432896892
231,-6.704364869269725,-1.1817791166599116,-1.9442738046200094,0.6004225854436976
232,-4.225071548107685,-1.266581546775097,-1.8022067454196935,0.4203296433812445
233,-8.883083730003156,-1.1661828025136267,-1.7586407293653816,0.5175887669513053
234,-4.436733218901758,-1.0533878394661045,-1.7096531874908543,0.4191112592149103
235,-4.600684974958318,-1.054316066674421,-2.0710996849258887,0.5503571027205779
236,-6.619583282696143,-1.278312906649042,-2.0787662169836567,0.49843439307278126
237,-3.9605924858330175,-1.1378738171971032,-1.8774957375372228,0.4357753368352377
238,-5.135033398117324,-1.0908947904223432,-1.816661651219311,0.47643187891144034
239,-7.855494827718856,-1.1943358441701513,-2.0639573651758036,0.5883757625082647
240,-5.773926239614505,-1.2126489983022215,-2.0120538413939353,0.5489007983203885
241,-6.941051584109423,-1.2205252136406477,-1.962260173602857,0.5466117690727276
242,-7.328583565292215,-1.2389649865713952,-1.8401775954942343,0.477219118313419
243,-4.295175891533558,-1.0149727853214137,-1.9730566062487804,0.5023800396006686
244,-5.008463834943798,-1.0880459611257094,-1.942946572217803,0.4552296194964279
245,-7.691401743624231,-1.278681467424606,-2.0916692390818423,0.5689951366746931
246,-4.521427483583938,-1.1838841642485258,-1.914274157884487,0.4589044779345166
247,-5.943274417809743,-1.532845320569265,-2.2924845185084926,1.5487178076788735
248,1999.9999999999989,2000.000000000001,2000.0,2.659527460429245e-13
249,1999.999999999999,2000.000000000001,2000.0,2.7206981234490945e-13
250,1999.999999999999,2000.000000000001,2000.0,2.7604985956362655e-13
251,1999.999999999999,2000.000000000001,2000.0,2.7137769773521557e-13
252,1999.9999999999989,2000.000000000001,2000.0,2.712737282411749e-13
253,1999.999999999999,2000.000000000001,2000.0,2.786266520240754e-13
254,1999.999999999999,2000.000000000001,2000.0,2.722080240949188e-13
255,1999.999999999999,2000.000000000001,2000.0,2.7165475518127293e-13
256,1999.999999999999,2000.000000000001,2000.0,2.65775903981983e-13
257,1999.999999999999,2000.000000000001,2000.0,2.5889380585230177e-13
258,1999.999999999999,2000.000000000001,2000.0,2.494224625082674e-13
259,1999.999999999999,2000.000000000001,2000.0,2.6620012756239843e-13
260,1999.999999999999,2000.000000000001,2000.0,2.702666277769804e-13
261,1999.999999999999,2000.000000000001,2000.0,2.6091983634903717e-13
262,1999.9999999999989,2000.000000000001,2000.0,2.687663947986898e-13
263,1999.999999999999,2000.000000000001,2000.0,2.6591738703910636e-13
264,1999.999999999999,2000.000000000001,2000.0,2.706838134553631e-13
265,1999.999999999999,2000.000000000001,2000.0,2.6676470959124216e-13
266,1999.999999999999,2000.000000000001,2000.0,2.7509443073104633e-13
267,1999.999999999999,2000.000000000001,2000.0,2.664825680954919e-13
268,1999.999999999999,2000.000000000001,2000.0,2.6620012756239843e-13
269,1999.999999999999,2000.000000000001,2000.0,2.728980328675678e-13
270,1999.999999999999,2000.000000000001,2000.0,2.6106395115502637e-13
271,1999.999999999999,2000.000000000001,2000.0,2.72346165704468e-13
272,1999.999999999999,2000.000000000001,2000.0,2.775446026858026e-13
273,1999.999999999999,2000.000000000001,2000.0,2.663413852680481e-13
274,1999.999999999999,2000.000000000001,2000.0,2.630732690419021e-13
275,1999.999999999999,2000.000000000001,2000.0,2.616396165754272e-13
276,1999.999999999999,2000.000000000001,2000.0,2.664825680954919e-13
277,1999.999999999999,2000.000000000001,2000.0,2.727601707557804e-13
278,1999.999999999999,2000.000000000001,2000.0,2.859549244072493e-13
279,1999.999999999999,2000.000000000001,2000.0,2.663413852680481e-13
280,1999.9999999999989,2000.000000000001,2000.0,2.7141234538268973e-13
281,1999.999999999999,2000.000000000001,2000.0,2.599087952620088e-13
282,1999.999999999999,2000.000000000001,2000.0,2.680306710316761e-13
283,1999.9999999999989,2000.000000000001,2000.0,2.743071247046109e-13
284,1999.999999999999,2000.000000000001,2000.0,2.7849162577334267e-13
285,1999.999999999999,2000.000000000001,2000.0,2.6831118463124466e-13
286,1999.9999999999989,2000.000000000001,2000.0,2.716893674965285e-13
287,1999.999999999999,2000.000000000001,2000.0,2.681709645095013e-13
288,1999.999999999999,2000.000000000001,2000.0,2.7165475518127293e-13
289,1999.999999999999,2000.000000000001,2000.0,2.590390478305442e-13
290,1999.999999999999,2000.000000000001,2000.0,2.5699819067307834e-13
291,1999.999999999999,2000.000000000001,2000.0,2.6956988357124143e-13
292,1999.999999999999,2000.000000000001,2000.0,2.7137769773521557e-13
293,1999.999999999999,2000.000000000001,2000.0,2.7564079558059076e-13
294,1999.999999999999,2000.000000000001,2000.0,2.7632223245629227e-13
295,1999.999999999999,2000.000000000001,2000.0,2.660587948592783e-13
296,1999.999999999999,2000.000000000001,2000.0,2.6956988357124143e-13
297,1999.999999999999,2000.000000000001,2000.0,2.7165475518127293e-13
298,1999.999999999999,2000.000000000001,2000.0,2.6221401818133054e-13
299,1999.999999999999,2000.000000000001,2000.0,2.644991508626246e-13
300,1999.999999999999,2000.000000000001,2000.0,2.772734305617629e-13
301,1999.999999999999,2000.000000000001,2000.0,2.774090497582125e-13
302,1999.9999999999989,2000.000000000001,2000.0,2.707185499089492e-13
303,1999.999999999999,2000.000000000001,2000.0,2.59619203199643e-13
304,1999.9999999999989,2000.000000000001,2000.0,2.712737282411749e-13
305,1999.999999999999,2000.000000000001,2000.0,2.5301576831901906e-13
306,1999.999999999999,2000.000000000001,2000.0,2.7604985956362655e-13
307,1999.999999999999,2000.000000000001,2000.0,2.715162617972111e-13
308,1999.999999999999,2000.000000000001,2000.0,2.681709645095013e-13
309,1999.999999999999,2000.000000000001,2000.0,1.220437104835707e-13
310,0.0,0.0,0.0,0.0
311,0.0,0.0,0.0,0.0
312,0.0,0.0,0.0,0.0
313,0.0005702496900685,0.2476618871694932,0.019087527763659098,0.030340747538303032
314,6.066232629615944e-05,0.1841610118091327,0.010129465324894464,0.022004699762566884
315,0.0,0.0,0.0,0.0
316,0.0,0.0,0.0,0.0
317,0.0,0.0,0.0,0.0
318,0.0005455074955393,0.2208977478738178,0.021906868761634925,0.031086227572942854
319,5.238248177084033e-05,0.0902353342653213,0.006702730512336739,0.010926401254212773
320,0.0,0.0,0.0,0.0
321,0.0,0.0,0.0,0.0
322,0.0,0.0,0.0,0.0
323,0.0004239600830178,0.2173093770519605,0.017777086474696804,0.025359434013811515
324,5.305718108285669e-05,0.167825702876519,0.009149398726256319,0.01658787901655783
325,0.0,0.0,0.0,0.0
326,0.0,0.0,0.0,0.0
327,0.0,0.0,0.0,0.0
328,0.0004156207572074,0.261533581733562,0.017455760229995964,0.024644901766002418
329,4.8880497612045136e-05,0.1193054125063667,0.008718713474158967,0.013946763365170003
330,0.0,0.0,0.0,0.0
331,0.0,0.0,0.0,0.0
332,0.0,0.0,0.0,0.0
333,0.0004557920366021,0.1890665193059447,0.019047977238123716,0.02557290500466084
334,4.381051984018327e-05,0.0892115212466955,0.005982628691239217,0.008075621441354368
335,0.0,0.0,0.0,0.0
336,0.0,0.0,0.0,0.0
337,0.0,0.0,0.0,0.0
338,0.000438156293425,0.2056064547730729,0.018229936947037634,0.029746532102269102
339,4.301343239621427e-05,0.1099564171319813,0.004410259106421912,0.009185378435525934
340,0.0,0.0,0.0,0.0
341,0.0,0.0,0.0,0.0
342,0.0,0.0,0.0,0.0
343,0.0003722454142701,0.2414485771522491,0.02247545100453667,0.032232351533927325
344,2.222842081876165e-05,0.1972744805382894,0.009136736158218297,0.01654429829653103
345,0.0,0.0,0.0,0.0
346,0.0,0.0,0.0,0.0
347,0.0,0.0,0.0,0.0
348,0.0003867734844808,0.2753906286134702,0.03213357299765873,0.03783459340519497
349,5.202399054521085e-05,0.1310918728460982,0.01304956010700947,0.01615908489906037
350,0.0,0.0,0.0,0.0
351,0.0,0.0,0.0,0.0
352,0.0,0.0,0.0,0.0
353,0.000693067358996,0.2614613318844616,0.02933130517264377,0.03700299317235547
354,0.0002237871347533,0.1615726240777385,0.012435173698589198,0.017419337928733288
355,0.0,0.0,0.0,0.0
356,0.0,0.0,0.0,0.0
357,0.0,0.0,0.0,0.0
358,0.0004389597300592,0.2460023630323888,0.018220580908301906,0.035548754756626534
359,3.3527870938619577e-05,0.1222763168003497,0.005114852496086822,0.012832476004262265
360,0.0,0.0,0.0,0.0
361,0.0,0.0,0.0,0.0
362,0.0,0.0,0.0,0.0
363,0.0004231521827139,0.2723358529810707,0.018707558229841135,0.03063074907525666
364,2.4729308365205603e-05,0.1021072972269625,0.005372877548007928,0.010882539441292367
365,0.0,0.0,0.0,0.0
366,0.0,0.0,0.0,0.0
367,0.0,0.0,0.0,0.0
368,0.0004632284436797,0.354627290474982,0.033960883373893976,0.04952285920729153
369,4.9097614406214925e-05,0.228410785312549,0.017208092425412085,0.032926880392834215
370,0.0,0.0,0.0,0.0
371,0.0,0.0,0.0,0.0
372,0.0,0.0,0.0,0.0
373,0.0005775250719277,0.2349375893958867,0.033930590083726994,0.043362666470361924
374,0.00010003164468,0.1945938878759431,0.018098879402141263,0.02725459215604082
375,0.0,0.0,0.0,0.0
376,0.0,0.0,0.0,0.0
377,0.0,0.0,0.0,0.0
378,0.0003547661079152,0.2505054549450255,0.01695576412598005,0.03125714206972356
379,1.5201786146485508e-05,0.122767443163363,0.006164836318909775,0.013433292344988844
380,0.0,0.0,0.0,0.0
381,0.0,0.0,0.0,0.0
382,0.0,0.0,0.0,0.0
383,0.0003916881574323,0.1627041655686082,0.006240864611666228,0.011214502293048113
384,3.9568606892245095e-05,0.0420170436251043,0.001509804651576309,0.0031192907363115393
385,0.0,0.0,0.0,0.0
386,0.0,0.0,0.0,0.0
387,0.0,0.0,0.0,0.0
388,0.000382438243922,0.2092028707311661,0.01701618551470721,0.02563378949765396
389,3.800610147955689e-05,0.2000588404257857,0.005443243674755137,0.010356004390630082
390,0.0,0.0,0.0,0.0
391,0.0,0.0,0.0,0.0
392,0.0,0.0,0.0,0.0
393,0.0003885752120974,0.2513105241857019,0.028322519947985163,0.03520341867242493
394,3.129929960091111e-05,0.1743427784512281,0.014790933812704845,0.02003380389597601
395,0.0,0.0,0.0,0.0
396,0.0,0.0,0.0,0.0
397,0.0,0.0,0.0,0.0
398,0.0005029364676223,0.3093941299338154,0.03127664233184009,0.040700819297455774
399,8.186711122052347e-05,0.2552320410272566,0.008800543675021963,0.014681840702271538
400,0.0,0.0,0.0,0.0
401,0.0,0.0,0.0,0.0
402,0.0,0.0,0.0,0.0
403,0.0003231056869636,0.2526726366968215,0.014983148333951316,0.026952547448011434
404,1.5831466846934854e-05,0.0922166880452545,0.005624674057199336,0.009848601212500403
405,0.0,0.0,0.0,0.0
406,0.0,0.0,0.0,0.0
407,0.0,0.0,0.0,0.0
408,0.0002649965936486,0.2497284283171224,0.024049046818346183,0.03823861085017946
409,5.35844077961828e-06,0.1307561609899618,0.0059514293201947364,0.009820563419032547
410,0.0,0.0,0.0,0.0
411,0.0,0.0,0.0,0.0
412,0.0,0.0,0.0,0.0
413,0.0003599866234458,0.2621219480131565,0.03675561908970177,0.04286335649536024
414,1.0345656579176612e-05,0.1275231559548682,0.008365094634896115,0.010026009085741137
415,0.0,0.0,0.0,0.0
416,0.0,0.0,0.0,0.0
417,0.0,0.0,0.0,0.0
418,0.0004449489671437,0.2503242053330171,0.040342153710621886,0.04542648122024031
419,3.631645389721419e-05,0.152326924164138,0.00954817030309988,0.0160857193752282
420,0.0,0.0,0.0,0.0
421,0.0,0.0,0.0,0.0
422,0.0,0.0,0.0,0.0
423,0.0003571169493901,0.2068822311646057,0.01757796003316044,0.028071041114912706
424,1.0449848821148278e-05,0.0811372249457331,0.0034674073896543973,0.0059189445385241105
425,0.0,0.0,0.0,0.0
426,0.0,0.0,0.0,0.0
427,0.0,0.0,0.0,0.0
428,0.0003415348680729,0.1445426610987152,0.013474683003202769,0.023457447213944552
429,1.5029656414052757e-05,0.0775726225663027,0.002190991000036404,0.0045601540675705545
430,0.0,0.0,0.0,0.0
431,0.0,0.0,0.0,0.0
432,0.0,0.0,0.0,0.0
433,0.0003447907719063,0.3241782224989771,0.028218831384364866,0.050025573851886454
434,1.0346944273027758e-05,0.0725381537804079,0.0052538421710495616,0.009857457562887358
435,0.0,0.0,0.0,0.0
436,0.0,0.0,0.0,0.0
437,0.0,0.0,0.0,0.0
438,0.0003813294710239,0.2300335305753011,0.025722472735951303,0.037659476505547504
439,2.2422353088683877e-05,0.0465271783001074,0.003989851554675458,0.005646325335542158
440,0.0,0.0,0.0,0.0
441,0.0,0.0,0.0,0.0
442,0.0,0.0,0.0,0.0
443,0.0005493773109261,0.2415148398622724,0.021969144783926867,0.03766562174555903
444,8.705350862847699e-05,0.0590115437218357,0.003458434712736648,0.006950612833628715
445,0.0,0.0,0.0,0.0
446,0.0,0.0,0.0,0.0
447,0.0,0.0,0.0,0.0
448,0.0003893914517278,0.2581681373190365,0.01989086393452923,0.03419994885310365
449,2.6527023766705423e-05,0.0831162067993315,0.0034172700794335245,0.007484684282211293
450,0.0,0.0,0.0,0.0
451,0.0,0.0,0.0,0.0
452,0.0,0.0,0.0,0.0
453,0.0007464098756588,0.2184458428578264,0.02473793136782158,0.030162723419958584
454,7.932246250570725e-05,0.0906752960277315,0.004597272868830936,0.0067833957730173335
455,0.0,0.0,0.0,0.0
456,0.0,0.0,0.0,0.0
457,0.0,0.0,0.0,0.0
458,0.0004861965858828,0.2642238782851215,0.024418370483916145,0.03742755604314174
459,6.348705386138573e-05,0.2079245178686567,0.013785312898926864,0.026523575911509167
460,0.0,0.0,0.0,0.0
461,0.0,0.0,0.0,0.0
462,0.0,0.0,0.0,0.0
463,0.0006113069209625,0.2371002243955408,0.03292780828693206,0.04330144988954015
464,0.0001151208289318,0.1906470065453853,0.01516828722050804,0.026272805416915207
465,0.0,0.0,0.0,0.0
466,0.0,0.0,0.0,0.0
467,0.0,0.0,0.0,0.0
468,0.0006131096374609,0.2358976884323096,0.015284005774075555,0.02920639561664127
469,9.868690347226352e-05,0.1696523774943659,0.009031578472343814,0.02294809429455328
470,0.0,0.0,0.0,0.0
471,0.0,0.0,0.0,0.0
472,0.0,0.0,0.0,0.0
473,0.0004994012197788,0.246750704087096,0.01966251754181844,0.029293101774984568
474,0.0001300721092648,0.2064215566499259,0.009631172994900315,0.01597367555261045
475,0.0,0.0,0.0,0.0
476,0.0,0.0,0.0,0.0
477,0.0,0.0,0.0,0.0
478,0.0004108447627535,0.2549694255942783,0.02194595305459831,0.03309538505992581
479,5.471721915094571e-05,0.2045285920347589,0.010287297069461045,0.02001158781230292
480,0.0,0.0,0.0,0.0
481,0.0,0.0,0.0,0.0
482,0.0,0.0,0.0,0.0
483,0.0003776355120586,0.2296199737540123,0.02070443771644007,0.03369327821688964
484,3.74798336549867e-05,0.159345847421061,0.005367577611985946,0.009448214171263496
485,0.0,0.0,0.0,0.0
486,0.0,0.0,0.0,0.0
487,0.0,0.0,0.0,0.0
488,0.0003925314671317,0.2913029331178336,0.03422877669189358,0.04333537437523282
489,3.233801320696705e-05,0.1673588091952989,0.008964504272976827,0.0136862426053455
490,0.0,0.0,0.0,0.0
491,0.0,0.0,0.0,0.0
492,0.0,0.0,0.0,0.0
493,0.0004868025486783,0.1942362763471444,0.01708870348592568,0.024287140924665166
494,7.811687595276847e-05,0.202818537835665,0.00695044683900335,0.012829301717002702
495,0.0,0.0,0.0,0.0
496,0.0,0.0,0.0,0.0
497,0.0,0.0,0.0,0.0
498,0.0004226834299897,0.2388458448424238,0.024852339061844107,0.03566805679501897
499,3.548063814351319e-05,0.1720072708653021,0.007835706498661398,0.014113281713449806
500,0.0,0.0,0.0,0.0
501,0.0,0.0,0.0,0.0
502,0.0,0.0,0.0,0.0
503,0.0003976133594853,0.2471725133098743,0.024966598544518194,0.03575091779693974
504,2.739800641064215e-05,0.0870267087771059,0.0061963769318554435,0.010920718107791591
505,0.0,0.0,0.0,0.0
506,0.0,0.0,0.0,0.0
507,0.0,0.0,0.0,0.0
508,0.0003739440291641,0.2169279580857613,0.020156864932048477,0.0282912238892799
509,2.456446778878456e-05,0.1402916721098589,0.0072131149450546765,0.01296028364167519
510,0.0,0.0,0.0,0.0
511,0.0,0.0,0.0,0.0
512,0.0,0.0,0.0,0.0
513,0.0004661203701254,0.2476121059603422,0.023866837408874114,0.03766957151579768
514,7.558848125772015e-05,0.1426675569272744,0.008591956814324585,0.01585063493608596
515,0.0,0.0,0.0,0.0
516,0.0,0.0,0.0,0.0
517,0.0,0.0,0.0,0.0
518,0.0003606537740494,0.2859795853281218,0.023354237328278363,0.04381947193164675
519,1.818798074475941e-05,0.1255102985957275,0.006807461618590941,0.015476631245598373
520,0.0,0.0,0.0,0.0
521,0.0,0.0,0.0,0.0
522,0.0,0.0,0.0,0.0
523,0.0003594791835922,0.1704344842761935,0.014931007354623386,0.026102640040232904
524,1.9504503402932297e-05,0.0930567832887899,0.0032339597275432594,0.006515421144832824
525,0.0,0.0,0.0,0.0
526,0.0,0.0,0.0,0.0
527,0.0,0.0,0.0,0.0
528,0.0004015751258365,0.2604360082667988,0.026960829880077183,0.037487876922582986
529,3.20751048660183e-05,0.2748094434280567,0.009176554482741567,0.015079674544296448
530,0.0,0.0,0.0,0.0
531,0.0,0.0,0.0,0.0
532,0.0,0.0,0.0,0.0
533,0.0004748020450962,0.2666210850910676,0.02280873549400897,0.03663224966857726
534,8.049214908909558e-05,0.1469005256242813,0.007530638991024629,0.01659276546268777
535,0.0,0.0,0.0,0.0
536,0.0,0.0,0.0,0.0
537,0.0,0.0,0.0,0.0
538,0.0003830362526521,0.2968867035052175,0.027164023314891376,0.039747962004833354
539,3.385406311765687e-05,0.0955485948413849,0.006770809665610302,0.01166733677033249
540,0.0,0.0,0.0,0.0
541,0.0,0.0,0.0,0.0
542,0.0,0.0,0.0,0.0
543,0.0003909069591175,0.230588308125918,0.0222109697519985,0.03477437379462248
544,3.423561078152968e-05,0.0887001934544376,0.004463674992724684,0.00865044683780996
545,0.0,0.0,0.0,0.0
546,0.0,0.0,0.0,0.0
547,0.0,0.0,0.0,0.0
548,0.0003334598641941,0.1783311827216645,0.011052054924092046,0.019745130519815628
549,1.2025115453498796e-05,0.0790984729877201,0.0020690782115745034,0.004315310232933166
550,0.0,0.0,0.0,0.0
551,0.0,0.0,0.0,0.0
552,0.0,0.0,0.0,0.0
553,0.0003545173381473,0.3224076495559034,0.021543179168137968,0.04718698767423825
554,4.897348606474149e-06,0.0867423053196608,0.004255702604521751,0.010130912472426284
555,0.0,0.0,0.0,0.0
556,0.0,0.0,0.0,0.0
557,0.0,0.0,0.0,0.0
558,0.0003825141323364,0.3447837623993933,0.05424485972015346,0.05720226795094419
559,1.424732913385405e-05,0.0996282884852687,0.01088076134426387,0.012460355006713707
560,0.0,0.0,0.0,0.0
561,0.0,0.0,0.0,0.0
562,0.0,0.0,0.0,0.0
563,0.0008178924414999,0.2892567439257602,0.04103146692939057,0.04156248471391512
564,0.0001432356037965,0.079372873716065,0.00730368986637974,0.009667321199731167
565,0.0,0.0,0.0,0.0
566,0.0,0.0,0.0,0.0
567,0.0,0.0,0.0,0.0
568,0.0003435127849235,0.2811368692408549,0.029653580941589885,0.0341430196847695
569,1.569673301862708e-05,0.0730819020235013,0.005602745851309497,0.0073930986470934976
570,0.0,0.0,0.0,0.0
571,0.0,0.0,0.0,0.0
572,0.0,0.0,0.0,0.0
573,0.000478931960166,0.3138708201646354,0.028819362812353932,0.045568412840097355
574,3.799492093565597e-05,0.0700219994323948,0.004748042383683307,0.00806054202969512
575,0.0,0.0,0.0,0.0
576,0.0,0.0,0.0,0.0
577,0.0,0.0,0.0,0.0
578,0.0003573666749126,0.2718084932944184,0.048203706262707195,0.050939810125267326
579,8.777211270643772e-06,0.093141853449841,0.007783360879422602,0.009452434178000424
580,0.0,0.0,0.0,0.0
581,0.0,0.0,0.0,0.0
582,0.0,0.0,0.0,0.0
583,0.0005980003330358,0.274699826366744,0.03443333035466695,0.045241536218147804
584,0.0001396362339755,0.2863569068004946,0.02085372227713414,0.039021912039208274
585,0.0,0.0,0.0,0.0
586,0.0,0.0,0.0,0.0
587,0.0,0.0,0.0,0.0
588,0.0004956250916373,0.2706678009807858,0.027960018079403636,0.041362867739176946
589,4.155933022101156e-05,0.2259758814295414,0.017465062869926447,0.03175787428957708
590,0.0,0.0,0.0,0.0
591,0.0,0.0,0.0,0.0
592,0.0,0.0,0.0,0.0
593,0.0005577116453109,0.2520308025678418,0.017058262027921788,0.02740796572036513
594,8.067909929351669e-05,0.1460305222248837,0.0060167908090941425,0.013399046336909552
595,0.0,0.0,0.0,0.0
596,0.0,0.0,0.0,0.0
597,0.0,0.0,0.0,0.0
598,0.0004198762734908,0.267104471332328,0.04105969030492856,0.04671578542966616
599,2.81445475457135e-05,0.1363051502529652,0.013073708218652717,0.01863861702184407
600,0.0,0.0,0.0,0.0
601,0.0,0.0,0.0,0.0
602,0.0,0.0,0.0,0.0
603,0.0009638180628983,0.2414038228712106,0.03445920371275435,0.04125872000863463
604,0.0002178967850282,0.0656504878275371,0.0049488606097860665,0.006232485353061801
605,0.0,0.0,0.0,0.0
606,0.0,0.0,0.0,0.0
607,0.0,0.0,0.0,0.0
608,0.0003823292967696,0.2896822312631772,0.046865861757539755,0.05500413194459064
609,1.6716721328152368e-05,0.1255003763409794,0.008021163171183662,0.012214659939315007
610,0.0,0.0,0.0,0.0
611,0.0,0.0,0.0,0.0
612,0.0,0.0,0.0,0.0
613,0.000380160101941,0.2440964635602418,0.034092314108152943,0.043197020794986316
614,2.358502630290472e-05,0.073202331888455,0.006349807506834182,0.008713796924379338
615,0.0,0.0,0.0,0.0
616,0.0,0.0,0.0,0.0
617,0.0,0.0,0.0,0.0
618,0.0003862307389521,0.1393885796319565,0.03554661900305815,0.056817226990598144
619,4.00093036241428e-06,0.1412409178944609,0.03516264239222058,0.05697716145147397
